practice_code,region,registered_patients,gp_fte
A81001,"North East and Yorkshire",3899,3.92
A81002,"North East and Yorkshire",18760,9.91
A81004,"North East and Yorkshire",11332,3.27
A81005,"North East and Yorkshire",7691,6.44
A81006,"North East and Yorkshire",14749,8.43
A81007,"North East and Yorkshire",10591,10.91
A81009,"North East and Yorkshire",8155,2.95
A81011,"North East and Yorkshire",11841,3.80
A81012,"North East and Yorkshire",5595,3.35
A81013,"North East and Yorkshire",7613,4.07
A81014,"North East and Yorkshire",4158,1.35
A81016,"North East and Yorkshire",12264,3.65
A81017,"North East and Yorkshire",18331,8.74
A81018,"North East and Yorkshire",10153,3.56
A81019,"North East and Yorkshire",8922,4.20
A81020,"North East and Yorkshire",7913,4.07
A81021,"North East and Yorkshire",22910,10.49
A81022,"North East and Yorkshire",9390,6.23
A81023,"North East and Yorkshire",8729,3.23
A81025,"North East and Yorkshire",4089,4.25
A81026,"North East and Yorkshire",20918,11.13
A81027,"North East and Yorkshire",14633,8.44
A81029,"North East and Yorkshire",7211,4.45
A81030,"North East and Yorkshire",16655,11.01
A81031,"North East and Yorkshire",13711,9.23
A81032,"North East and Yorkshire",11573,8.66
A81034,"North East and Yorkshire",20898,18.75
A81035,"North East and Yorkshire",9785,6.33
A81036,"North East and Yorkshire",16425,9.09
A81037,"North East and Yorkshire",6673,3.27
A81038,"North East and Yorkshire",3793,1.96
A81039,"North East and Yorkshire",12581,7.96
A81040,"North East and Yorkshire",8517,5.90
A81041,"North East and Yorkshire",9436,4.03
A81042,"North East and Yorkshire",15380,12.39
A81044,"North East and Yorkshire",18976,13.51
A81045,"North East and Yorkshire",6219,4.84
A81046,"North East and Yorkshire",12383,8.77
A81048,"North East and Yorkshire",6987,4.85
A81049,"North East and Yorkshire",6489,4.99
A81051,"North East and Yorkshire",7279,3.33
A81052,"North East and Yorkshire",10136,6.89
A81053,"North East and Yorkshire",5888,3.24
A81054,"North East and Yorkshire",8546,3.56
A81056,"North East and Yorkshire",2393,1.22
A81057,"North East and Yorkshire",9846,5.33
A81058,"North East and Yorkshire",9235,5.71
A81060,"North East and Yorkshire",6277,1.60
A81063,"North East and Yorkshire",5357,2.11
A81064,"North East and Yorkshire",8586,1.97
A81065,"North East and Yorkshire",3717,0.40
A81066,"North East and Yorkshire",5410,4.07
A81067,"North East and Yorkshire",11046,6.93
A81602,"North East and Yorkshire",2202,1.00
A81608,"North East and Yorkshire",15282,9.94
A81610,"North East and Yorkshire",7958,2.13
A81611,"North East and Yorkshire",9298,7.06
A81612,"North East and Yorkshire",4010,2.27
A81618,"North East and Yorkshire",10022,5.11
A81621,"North East and Yorkshire",2769,3.59
A81622,"North East and Yorkshire",5680,1.71
A81629,"North East and Yorkshire",6931,2.40
A81631,"North East and Yorkshire",7533,4.51
A82003,"North West",11944,10.76
A82004,"North East and Yorkshire",2215,2.87
A82005,"North West",5864,3.19
A82006,"North East and Yorkshire",5123,1.48
A82007,"North West",11426,4.40
A82008,"North West",12027,11.04
A82009,"North West",9245,8.69
A82010,"North West",6754,3.36
A82012,"North East and Yorkshire",16700,10.84
A82013,"North East and Yorkshire",6578,3.96
A82014,"North East and Yorkshire",4283,7.68
A82016,"North East and Yorkshire",39815,22.25
A82018,"North East and Yorkshire",13538,8.08
A82020,"North East and Yorkshire",15845,9.72
A82021,"North East and Yorkshire",18205,12.15
A82022,"North East and Yorkshire",5128,6.49
A82023,"North East and Yorkshire",6335,6.93
A82024,"North East and Yorkshire",5911,1.67
A82025,"North West",11574,7.17
A82026,"North West",17281,11.06
A82027,"North West",10001,6.57
A82028,"North East and Yorkshire",8320,9.19
A82029,"North East and Yorkshire",3510,5.45
A82030,"North West",6533,3.84
A82031,"North East and Yorkshire",3302,3.44
A82032,"North East and Yorkshire",13845,8.27
A82033,"North West",7921,3.60
A82035,"North East and Yorkshire",14549,11.94
A82036,"North East and Yorkshire",11442,5.48
A82037,"North East and Yorkshire",4409,2.96
A82038,"North East and Yorkshire",4645,3.00
A82039,"North West",8806,8.75
A82041,"North East and Yorkshire",13841,7.25
A82044,"North East and Yorkshire",23153,9.15
A82045,"North East and Yorkshire",9121,6.03
A82046,"North West",4852,3.36
A82047,"North East and Yorkshire",33269,8.36
A82053,"North West",7510,9.67
A82055,"North East and Yorkshire",7148,7.06
A82062,"North West",6301,6.08
A82064,"North East and Yorkshire",6171,6.27
A82068,"North West",4697,2.88
A82070,"North West",6632,6.48
A82071,"North West",4171,2.69
A82072,"North West",7392,1.17
A82075,"North East and Yorkshire",7554,5.09
A82608,"North West",4666,5.18
A82613,"North West",1070,1.41
A82617,"North East and Yorkshire",2754,2.15
A82620,"North East and Yorkshire",967,2.06
A82629,"North West",3070,2.68
A82631,"North East and Yorkshire",3781,5.48
A82646,"North East and Yorkshire",3846,2.63
A82647,"North West",3252,4.33
A82650,"North West",2930,1.40
A82651,"North West",4962,2.67
A82654,"North East and Yorkshire",7777,4.13
A83001,"North East and Yorkshire",15646,9.91
A83003,"North East and Yorkshire",9220,5.13
A83005,"North East and Yorkshire",12112,7.07
A83006,"North East and Yorkshire",8644,3.62
A83007,"North East and Yorkshire",10234,10.31
A83008,"North East and Yorkshire",5393,2.04
A83009,"North East and Yorkshire",7774,7.23
A83010,"North East and Yorkshire",13244,5.32
A83011,"North East and Yorkshire",33319,16.71
A83012,"North East and Yorkshire",15677,12.44
A83013,"North East and Yorkshire",13359,4.77
A83014,"North East and Yorkshire",6243,1.22
A83015,"North East and Yorkshire",9734,5.56
A83016,"North East and Yorkshire",10833,6.86
A83018,"North East and Yorkshire",16861,12.30
A83020,"North East and Yorkshire",13492,10.95
A83021,"North East and Yorkshire",15904,7.89
A83022,"North East and Yorkshire",26660,15.48
A83023,"North East and Yorkshire",12461,9.33
A83024,"North East and Yorkshire",5500,5.77
A83025,"North East and Yorkshire",13666,5.32
A83026,"North East and Yorkshire",10741,9.73
A83027,"North East and Yorkshire",7574,4.74
A83028,"North East and Yorkshire",9372,3.76
A83029,"North East and Yorkshire",5249,5.51
A83030,"North East and Yorkshire",14496,16.16
A83031,"North East and Yorkshire",11647,4.19
A83032,"North East and Yorkshire",2573,2.34
A83033,"North East and Yorkshire",10019,8.77
A83034,"North East and Yorkshire",11378,7.84
A83035,"North East and Yorkshire",7194,6.56
A83036,"North East and Yorkshire",10428,7.55
A83037,"North East and Yorkshire",13052,10.65
A83038,"North East and Yorkshire",6162,5.13
A83040,"North East and Yorkshire",12259,7.61
A83041,"North East and Yorkshire",7353,5.76
A83043,"North East and Yorkshire",2663,3.38
A83044,"North East and Yorkshire",8288,7.13
A83045,"North East and Yorkshire",14902,5.67
A83046,"North East and Yorkshire",10953,9.92
A83047,"North East and Yorkshire",15097,13.24
A83048,"North East and Yorkshire",6241,2.99
A83049,"North East and Yorkshire",16238,12.73
A83050,"North East and Yorkshire",12670,11.28
A83051,"North East and Yorkshire",11387,11.55
A83052,"North East and Yorkshire",8645,5.29
A83054,"North East and Yorkshire",16755,13.89
A83055,"North East and Yorkshire",5035,5.60
A83057,"North East and Yorkshire",18289,13.78
A83060,"North East and Yorkshire",2880,2.04
A83061,"North East and Yorkshire",3669,1.95
A83066,"North East and Yorkshire",12572,2.47
A83070,"North East and Yorkshire",5901,1.38
A83071,"North East and Yorkshire",4648,0.67
A83072,"North East and Yorkshire",4139,2.06
A83073,"North East and Yorkshire",5294,1.86
A83074,"North East and Yorkshire",12103,8.08
A83075,"North East and Yorkshire",8319,6.96
A83610,"North East and Yorkshire",3525,0.67
A83616,"North East and Yorkshire",8593,4.61
A83617,"North East and Yorkshire",2659,1.07
A83618,"North East and Yorkshire",7673,5.51
A83619,"North East and Yorkshire",3398,1.00
A83622,"North East and Yorkshire",1734,0.39
A83626,"North East and Yorkshire",2261,0.43
A83627,"North East and Yorkshire",6639,6.63
A83634,"North East and Yorkshire",2746,1.19
A83635,"North East and Yorkshire",4509,0.80
A83636,"North East and Yorkshire",5845,3.83
A83637,"North East and Yorkshire",4171,2.07
A83641,"North East and Yorkshire",4855,1.33
A83644,"North East and Yorkshire",3580,1.44
A84002,"North East and Yorkshire",6163,4.26
A84005,"North East and Yorkshire",12760,8.62
A84006,"North East and Yorkshire",18871,15.50
A84007,"North East and Yorkshire",10776,9.32
A84008,"North East and Yorkshire",4495,5.07
A84009,"North East and Yorkshire",27046,16.11
A84011,"North East and Yorkshire",8641,4.31
A84013,"North East and Yorkshire",6310,4.43
A84014,"North East and Yorkshire",13702,9.60
A84016,"North East and Yorkshire",6929,4.71
A84018,"North East and Yorkshire",7303,8.62
A84020,"North East and Yorkshire",8043,6.09
A84022,"North East and Yorkshire",12163,10.16
A84024,"North East and Yorkshire",10419,10.85
A84025,"North East and Yorkshire",5389,2.96
A84026,"North East and Yorkshire",9198,4.48
A84027,"North East and Yorkshire",3435,3.70
A84028,"North East and Yorkshire",19728,10.88
A84029,"North East and Yorkshire",4587,5.29
A84030,"North East and Yorkshire",11277,12.89
A84031,"North East and Yorkshire",10703,3.74
A84033,"North East and Yorkshire",5839,5.88
A84034,"North East and Yorkshire",5556,6.00
A84035,"North East and Yorkshire",5964,4.04
A84036,"North East and Yorkshire",49636,28.18
A84037,"North East and Yorkshire",5993,2.69
A84038,"North East and Yorkshire",8983,4.65
A84039,"North East and Yorkshire",7160,5.23
A84040,"North East and Yorkshire",3424,2.15
A84042,"North East and Yorkshire",2151,1.45
A84044,"North East and Yorkshire",7177,4.70
A84045,"North East and Yorkshire",5259,4.80
A84047,"North East and Yorkshire",5404,5.14
A84604,"North East and Yorkshire",4878,6.67
A84614,"North East and Yorkshire",2181,1.33
A84619,"North East and Yorkshire",4296,2.48
A85001,"North East and Yorkshire",7524,9.66
A85002,"North East and Yorkshire",3875,0.99
A85004,"North East and Yorkshire",10203,9.68
A85005,"North East and Yorkshire",17814,18.34
A85006,"North East and Yorkshire",9064,6.81
A85007,"North East and Yorkshire",8668,6.96
A85008,"North East and Yorkshire",15293,14.68
A85009,"North East and Yorkshire",6445,1.03
A85010,"North East and Yorkshire",11523,6.09
A85011,"North East and Yorkshire",7289,6.16
A85013,"North East and Yorkshire",3916,0.21
A85014,"North East and Yorkshire",20342,8.49
A85016,"North East and Yorkshire",12144,12.37
A85017,"North East and Yorkshire",8276,4.92
A85018,"North East and Yorkshire",4779,4.40
A85019,"North East and Yorkshire",10616,9.12
A85020,"North East and Yorkshire",15651,8.80
A85021,"North East and Yorkshire",4697,2.09
A85023,"North East and Yorkshire",5448,7.07
A85024,"North East and Yorkshire",2566,3.23
A85026,"North East and Yorkshire",5700,6.11
A85611,"North East and Yorkshire",5512,2.94
A85614,"North East and Yorkshire",8184,6.62
A85616,"North East and Yorkshire",4880,2.53
A85617,"North East and Yorkshire",3855,1.88
A86003,"North East and Yorkshire",42732,21.76
A86004,"North East and Yorkshire",14910,5.58
A86005,"North East and Yorkshire",6040,5.20
A86006,"North East and Yorkshire",5821,6.51
A86008,"North East and Yorkshire",13234,9.10
A86010,"North East and Yorkshire",10712,8.68
A86011,"North East and Yorkshire",10663,7.50
A86012,"North East and Yorkshire",12454,6.30
A86013,"North East and Yorkshire",7429,3.59
A86016,"North East and Yorkshire",9496,6.94
A86017,"North East and Yorkshire",11636,7.50
A86018,"North East and Yorkshire",13182,12.11
A86020,"North East and Yorkshire",27401,16.18
A86021,"North East and Yorkshire",10115,9.09
A86022,"North East and Yorkshire",8446,7.02
A86023,"North East and Yorkshire",10304,10.46
A86024,"North East and Yorkshire",7252,5.43
A86025,"North East and Yorkshire",13688,6.73
A86026,"North East and Yorkshire",7371,6.25
A86027,"North East and Yorkshire",21838,5.05
A86028,"North East and Yorkshire",7591,2.46
A86029,"North East and Yorkshire",20504,12.93
A86030,"North East and Yorkshire",10837,2.96
A86031,"North East and Yorkshire",10790,5.82
A86033,"North East and Yorkshire",8330,5.60
A86036,"North East and Yorkshire",0,7.42
A86037,"North East and Yorkshire",8239,3.83
A86038,"North East and Yorkshire",6177,6.00
A86040,"North East and Yorkshire",6719,5.03
A86041,"North East and Yorkshire",6699,4.92
A86601,"North East and Yorkshire",9087,4.48
A87002,"North East and Yorkshire",5980,5.76
A87004,"North East and Yorkshire",24517,17.21
A87005,"North East and Yorkshire",13525,8.55
A87006,"North East and Yorkshire",5821,3.19
A87007,"North East and Yorkshire",17855,10.34
A87008,"North East and Yorkshire",8809,4.77
A87009,"North East and Yorkshire",15420,11.26
A87011,"North East and Yorkshire",6443,2.80
A87012,"North East and Yorkshire",7550,5.76
A87013,"North East and Yorkshire",9333,5.11
A87016,"North East and Yorkshire",12792,12.61
A87017,"North East and Yorkshire",6587,3.97
A87019,"North East and Yorkshire",4952,2.25
A87020,"North East and Yorkshire",13281,10.39
A87022,"North East and Yorkshire",9584,4.82
A87029,"North East and Yorkshire",20957,15.76
A87030,"North East and Yorkshire",6238,7.40
A87600,"North East and Yorkshire",4836,3.32
A87612,"North East and Yorkshire",6488,4.92
A87615,"North East and Yorkshire",5454,4.51
A88001,"North East and Yorkshire",3654,2.67
A88002,"North East and Yorkshire",16932,9.86
A88003,"North East and Yorkshire",22828,12.91
A88004,"North East and Yorkshire",9047,6.75
A88005,"North East and Yorkshire",4450,2.34
A88006,"North East and Yorkshire",7835,3.91
A88008,"North East and Yorkshire",6431,2.95
A88009,"North East and Yorkshire",6020,5.49
A88010,"North East and Yorkshire",3398,2.48
A88012,"North East and Yorkshire",6058,4.15
A88013,"North East and Yorkshire",19181,13.10
A88014,"North East and Yorkshire",2879,1.00
A88015,"North East and Yorkshire",7418,2.00
A88016,"North East and Yorkshire",8289,4.76
A88022,"North East and Yorkshire",11173,7.38
A88023,"North East and Yorkshire",5382,1.97
A88025,"North East and Yorkshire",4401,2.26
A88601,"North East and Yorkshire",4341,1.60
A88608,"North East and Yorkshire",5929,3.07
A88613,"North East and Yorkshire",4278,1.66
A89001,"North East and Yorkshire",13507,8.40
A89002,"North East and Yorkshire",6989,2.04
A89004,"North East and Yorkshire",11829,9.20
A89005,"North East and Yorkshire",5761,4.60
A89006,"North East and Yorkshire",8116,3.09
A89007,"North East and Yorkshire",10111,5.12
A89008,"North East and Yorkshire",5556,2.30
A89009,"North East and Yorkshire",9584,5.13
A89010,"North East and Yorkshire",12297,6.23
A89011,"North East and Yorkshire",4806,4.30
A89012,"North East and Yorkshire",11487,6.97
A89013,"North East and Yorkshire",5654,1.61
A89015,"North East and Yorkshire",9236,4.98
A89016,"North East and Yorkshire",9307,10.45
A89017,"North East and Yorkshire",14526,6.83
A89018,"North East and Yorkshire",5314,2.12
A89019,"North East and Yorkshire",14919,14.99
A89020,"North East and Yorkshire",8631,5.77
A89021,"North East and Yorkshire",8538,5.18
A89022,"North East and Yorkshire",5215,6.00
A89023,"North East and Yorkshire",8393,4.31
A89024,"North East and Yorkshire",7700,5.51
A89025,"North East and Yorkshire",10104,4.36
A89026,"North East and Yorkshire",7208,3.44
A89027,"North East and Yorkshire",6421,4.54
A89028,"North East and Yorkshire",7425,6.52
A89030,"North East and Yorkshire",6623,3.96
A89031,"North East and Yorkshire",7189,5.04
A89032,"North East and Yorkshire",9165,4.07
A89034,"North East and Yorkshire",4373,0.99
A89035,"North East and Yorkshire",10524,4.84
A89036,"North East and Yorkshire",2113,2.21
A89040,"North East and Yorkshire",4658,1.89
A89041,"North East and Yorkshire",8185,3.24
A89614,"North East and Yorkshire",4561,3.85
A89616,"North East and Yorkshire",2760,1.27
A89617,"North East and Yorkshire",3626,2.35
A89623,"North East and Yorkshire",3059,1.53
B81003,"North East and Yorkshire",12783,4.20
B81004,"North East and Yorkshire",12442,8.85
B81005,"North East and Yorkshire",16911,8.77
B81006,"North East and Yorkshire",12485,8.95
B81007,"North East and Yorkshire",9835,6.65
B81008,"North East and Yorkshire",37912,21.07
B81009,"North East and Yorkshire",9099,4.41
B81011,"North East and Yorkshire",10511,6.24
B81012,"North East and Yorkshire",3283,0.99
B81015,"North East and Yorkshire",16973,9.79
B81016,"North East and Yorkshire",10217,5.84
B81017,"North East and Yorkshire",17187,7.32
B81018,"North East and Yorkshire",9289,2.56
B81020,"North East and Yorkshire",8376,6.43
B81022,"North East and Yorkshire",12732,8.82
B81024,"North East and Yorkshire",10770,6.72
B81025,"North East and Yorkshire",33757,32.68
B81026,"North East and Yorkshire",20376,12.35
B81027,"North East and Yorkshire",7954,6.31
B81029,"North East and Yorkshire",11767,11.41
B81030,"North East and Yorkshire",24542,8.96
B81031,"North East and Yorkshire",21189,17.88
B81032,"North East and Yorkshire",5604,0.93
B81034,"North East and Yorkshire",11503,7.13
B81035,"North East and Yorkshire",7117,4.11
B81036,"North East and Yorkshire",18800,11.00
B81037,"North East and Yorkshire",14540,11.34
B81038,"North East and Yorkshire",8165,4.07
B81039,"North East and Yorkshire",34769,23.00
B81040,"North East and Yorkshire",15740,6.93
B81041,"North East and Yorkshire",6197,5.04
B81042,"North East and Yorkshire",13819,13.44
B81043,"North East and Yorkshire",14931,14.60
B81045,"North East and Yorkshire",12482,9.29
B81046,"North East and Yorkshire",8819,4.76
B81047,"North East and Yorkshire",7540,6.96
B81048,"North East and Yorkshire",56646,25.96
B81051,"North East and Yorkshire",10458,10.28
B81052,"North East and Yorkshire",8307,2.00
B81054,"North East and Yorkshire",7977,4.01
B81061,"North East and Yorkshire",47716,31.92
B81063,"North East and Yorkshire",7289,4.33
B81064,"North East and Yorkshire",10554,5.84
B81065,"North East and Yorkshire",11121,1.20
B81068,"North East and Yorkshire",17731,8.25
B81069,"North East and Yorkshire",29276,10.95
B81074,"North East and Yorkshire",12267,1.92
B81075,"North East and Yorkshire",3693,2.15
B81082,"North East and Yorkshire",6537,1.68
B81087,"North East and Yorkshire",7870,4.07
B81088,"North East and Yorkshire",8177,4.18
B81090,"North East and Yorkshire",4656,2.13
B81091,"North East and Yorkshire",5319,7.49
B81092,"North East and Yorkshire",12323,8.09
B81097,"North East and Yorkshire",2662,0.63
B81099,"North East and Yorkshire",10588,8.16
B81100,"North East and Yorkshire",4210,0.75
B81101,"North East and Yorkshire",23516,13.57
B81104,"North East and Yorkshire",7718,2.21
B81108,"North East and Yorkshire",4541,1.64
B81109,"North East and Yorkshire",11928,11.17
B81112,"North East and Yorkshire",13097,4.05
B81113,"North East and Yorkshire",10020,7.94
B81118,"North East and Yorkshire",7759,8.43
B81119,"North East and Yorkshire",6408,2.07
B81606,"North East and Yorkshire",4358,1.07
B81616,"North East and Yorkshire",2913,1.07
B81617,"North East and Yorkshire",9741,2.13
B81619,"North East and Yorkshire",2760,1.24
B81628,"North East and Yorkshire",2825,1.49
B81631,"North East and Yorkshire",4686,1.00
B81635,"North East and Yorkshire",3592,1.23
B81642,"North East and Yorkshire",4306,1.92
B81647,"North East and Yorkshire",3092,1.00
B81648,"North East and Yorkshire",1632,1.40
B81653,"North East and Yorkshire",7495,3.32
B81655,"North East and Yorkshire",3210,1.96
B81656,"North East and Yorkshire",6770,2.13
B81663,"North East and Yorkshire",2935,0.21
B81665,"North East and Yorkshire",2372,0.93
B81666,"North East and Yorkshire",2514,2.69
B81697,"North East and Yorkshire",2859,0.99
B82002,"North East and Yorkshire",7879,9.56
B82004,"North East and Yorkshire",11083,9.96
B82005,"North East and Yorkshire",58423,22.87
B82007,"North East and Yorkshire",9635,9.97
B82008,"North East and Yorkshire",8745,12.45
B82010,"North East and Yorkshire",7864,2.80
B82011,"North East and Yorkshire",5644,4.05
B82012,"North East and Yorkshire",15445,9.04
B82013,"North East and Yorkshire",20390,16.48
B82014,"North East and Yorkshire",6904,3.72
B82016,"North East and Yorkshire",8365,4.13
B82017,"North East and Yorkshire",13509,10.51
B82018,"North East and Yorkshire",6724,6.27
B82019,"North East and Yorkshire",4214,2.24
B82021,"North East and Yorkshire",9909,9.91
B82022,"North East and Yorkshire",5674,5.28
B82023,"North East and Yorkshire",6263,4.00
B82025,"North East and Yorkshire",21181,14.47
B82026,"North East and Yorkshire",32247,32.39
B82027,"North East and Yorkshire",14103,9.04
B82029,"North East and Yorkshire",3234,2.17
B82030,"North East and Yorkshire",5867,6.67
B82031,"North East and Yorkshire",11038,7.51
B82032,"North East and Yorkshire",12302,7.14
B82033,"North East and Yorkshire",10961,9.45
B82034,"North East and Yorkshire",6431,3.33
B82035,"North East and Yorkshire",3607,2.73
B82036,"North East and Yorkshire",7731,8.40
B82037,"North East and Yorkshire",8849,6.59
B82038,"North East and Yorkshire",24730,15.52
B82041,"North East and Yorkshire",15900,13.18
B82042,"North East and Yorkshire",8590,7.09
B82044,"North East and Yorkshire",9440,6.51
B82045,"North East and Yorkshire",4122,1.89
B82046,"North East and Yorkshire",3109,2.20
B82047,"North East and Yorkshire",19177,5.47
B82049,"North East and Yorkshire",8130,7.84
B82050,"North East and Yorkshire",21503,15.15
B82053,"North East and Yorkshire",15214,7.20
B82054,"North East and Yorkshire",16028,13.59
B82057,"North East and Yorkshire",7487,9.89
B82059,"North East and Yorkshire",11302,6.67
B82060,"North East and Yorkshire",12918,10.33
B82061,"North West",7458,7.04
B82063,"North East and Yorkshire",9540,6.17
B82064,"North East and Yorkshire",3587,6.03
B82066,"North East and Yorkshire",9943,7.34
B82067,"North East and Yorkshire",8384,6.12
B82068,"North East and Yorkshire",3634,1.78
B82069,"North East and Yorkshire",7531,4.40
B82071,"North East and Yorkshire",7454,5.31
B82072,"North East and Yorkshire",5043,1.92
B82073,"North East and Yorkshire",10811,4.30
B82074,"North East and Yorkshire",18638,17.31
B82075,"North East and Yorkshire",9593,10.59
B82077,"North East and Yorkshire",6132,5.52
B82078,"North East and Yorkshire",6154,6.76
B82079,"North East and Yorkshire",3715,2.49
B82080,"North East and Yorkshire",18854,13.72
B82081,"North East and Yorkshire",7233,8.88
B82083,"North East and Yorkshire",44823,36.04
B82086,"North East and Yorkshire",5073,4.69
B82088,"North East and Yorkshire",10524,4.71
B82091,"North East and Yorkshire",7690,4.93
B82097,"North East and Yorkshire",11444,7.92
B82098,"North East and Yorkshire",26596,19.76
B82100,"North East and Yorkshire",8462,7.71
B82101,"North East and Yorkshire",5244,5.04
B82104,"North East and Yorkshire",8519,3.76
B82105,"North East and Yorkshire",9404,5.75
B82106,"North East and Yorkshire",4582,0.69
B82609,"North East and Yorkshire",4118,4.24
B82619,"North East and Yorkshire",1765,0.89
B82622,"North East and Yorkshire",1519,1.73
B82628,"North East and Yorkshire",4300,2.31
B83002,"North East and Yorkshire",5488,6.45
B83005,"North East and Yorkshire",7104,2.48
B83008,"North East and Yorkshire",20077,11.44
B83009,"North East and Yorkshire",15845,11.57
B83010,"North East and Yorkshire",10159,5.75
B83012,"North East and Yorkshire",11079,6.02
B83014,"North East and Yorkshire",13604,17.32
B83015,"North East and Yorkshire",8791,2.84
B83016,"North East and Yorkshire",8795,8.13
B83018,"North East and Yorkshire",12572,6.20
B83019,"North East and Yorkshire",7067,9.46
B83020,"North East and Yorkshire",18296,5.87
B83022,"North East and Yorkshire",9765,9.15
B83025,"North East and Yorkshire",4462,1.89
B83026,"North East and Yorkshire",5905,2.26
B83028,"North East and Yorkshire",10877,4.07
B83029,"North East and Yorkshire",10118,3.59
B83031,"North East and Yorkshire",3985,1.87
B83032,"North East and Yorkshire",4339,1.00
B83033,"North East and Yorkshire",86643,47.65
B83034,"North East and Yorkshire",7079,1.88
B83035,"North East and Yorkshire",15747,8.53
B83037,"North East and Yorkshire",10031,8.40
B83038,"North East and Yorkshire",18715,18.90
B83039,"North East and Yorkshire",24241,17.97
B83041,"North East and Yorkshire",14915,13.50
B83042,"North East and Yorkshire",8813,10.13
B83045,"North East and Yorkshire",12561,9.04
B83051,"North East and Yorkshire",10696,1.78
B83052,"North East and Yorkshire",24417,8.34
B83054,"North East and Yorkshire",6330,2.60
B83055,"North East and Yorkshire",32153,29.97
B83056,"North East and Yorkshire",8450,5.80
B83058,"North East and Yorkshire",8715,3.94
B83062,"North East and Yorkshire",8966,13.84
B83063,"North East and Yorkshire",19821,21.26
B83064,"North East and Yorkshire",11562,7.67
B83067,"North East and Yorkshire",7793,5.74
B83604,"North East and Yorkshire",4610,1.33
B83611,"North East and Yorkshire",11739,2.56
B83614,"North East and Yorkshire",9732,2.27
B83620,"North East and Yorkshire",3436,4.85
B83622,"North East and Yorkshire",4235,2.21
B83624,"North East and Yorkshire",17079,19.41
B83626,"North East and Yorkshire",6479,2.00
B83627,"North East and Yorkshire",3632,1.12
B83628,"North East and Yorkshire",10000,0.90
B83629,"North East and Yorkshire",3183,2.27
B83641,"North East and Yorkshire",9988,8.75
B83642,"North East and Yorkshire",4504,0.89
B83653,"North East and Yorkshire",7774,4.85
B83657,"North East and Yorkshire",6026,11.01
B83659,"North East and Yorkshire",3892,2.00
B83661,"North East and Yorkshire",2961,1.44
B84001,"North East and Yorkshire",10289,8.52
B84003,"North East and Yorkshire",7835,6.22
B84004,"North East and Yorkshire",18502,10.36
B84006,"North East and Yorkshire",16208,7.49
B84007,"North East and Yorkshire",10702,8.43
B84008,"North East and Yorkshire",16156,10.80
B84009,"North East and Yorkshire",11542,10.29
B84010,"North East and Yorkshire",10376,9.38
B84011,"North East and Yorkshire",11048,7.56
B84012,"North East and Yorkshire",28671,25.00
B84013,"North East and Yorkshire",9214,5.72
B84014,"North East and Yorkshire",5351,6.27
B84016,"North East and Yorkshire",11339,5.74
B84019,"North East and Yorkshire",17034,12.29
B84021,"North East and Yorkshire",8798,4.87
B84612,"North East and Yorkshire",9008,1.73
B84613,"North East and Yorkshire",10251,4.24
B84618,"North East and Yorkshire",8346,1.48
B84623,"North East and Yorkshire",5014,2.23
B85001,"North East and Yorkshire",6902,2.03
B85002,"North East and Yorkshire",4541,3.42
B85004,"North East and Yorkshire",6112,0.43
B85005,"North East and Yorkshire",6763,3.75
B85006,"North East and Yorkshire",15372,14.24
B85008,"North East and Yorkshire",6255,1.97
B85009,"North East and Yorkshire",8676,6.58
B85010,"North East and Yorkshire",6962,3.52
B85012,"North East and Yorkshire",10815,9.11
B85014,"North East and Yorkshire",9459,3.94
B85015,"North East and Yorkshire",8601,3.04
B85016,"North East and Yorkshire",10525,6.45
B85018,"North East and Yorkshire",9357,2.92
B85019,"North East and Yorkshire",17302,7.81
B85020,"North East and Yorkshire",6686,7.84
B85021,"North East and Yorkshire",9011,4.00
B85022,"North East and Yorkshire",7883,4.31
B85023,"North East and Yorkshire",6272,2.95
B85024,"North East and Yorkshire",9426,6.59
B85025,"North East and Yorkshire",12231,14.45
B85026,"North East and Yorkshire",8009,10.28
B85027,"North East and Yorkshire",10467,4.47
B85028,"North East and Yorkshire",17160,1.48
B85030,"North East and Yorkshire",9421,4.61
B85031,"North East and Yorkshire",6928,3.63
B85032,"North East and Yorkshire",5955,3.61
B85033,"North East and Yorkshire",5571,3.41
B85036,"North East and Yorkshire",8471,4.03
B85037,"North East and Yorkshire",5773,4.14
B85038,"North East and Yorkshire",5894,1.07
B85041,"North East and Yorkshire",15812,5.00
B85042,"North East and Yorkshire",9032,11.45
B85044,"North East and Yorkshire",2975,1.31
B85048,"North East and Yorkshire",4545,1.07
B85051,"North East and Yorkshire",7276,2.41
B85054,"North East and Yorkshire",10081,8.69
B85055,"North East and Yorkshire",12758,3.36
B85058,"North East and Yorkshire",3030,2.27
B85059,"North East and Yorkshire",8285,2.17
B85060,"North East and Yorkshire",2447,3.20
B85061,"North East and Yorkshire",9586,4.05
B85062,"North East and Yorkshire",14877,6.37
B85606,"North East and Yorkshire",4629,1.67
B85610,"North East and Yorkshire",10827,5.07
B85611,"North East and Yorkshire",3738,1.60
B85612,"North East and Yorkshire",4511,1.57
B85614,"North East and Yorkshire",6842,1.00
B85619,"North East and Yorkshire",3148,1.91
B85620,"North East and Yorkshire",2794,0.72
B85623,"North East and Yorkshire",3412,0.78
B85634,"North East and Yorkshire",3679,0.93
B85636,"North East and Yorkshire",4296,2.28
B85640,"North East and Yorkshire",3557,2.48
B85641,"North East and Yorkshire",4418,3.11
B85645,"North East and Yorkshire",2487,1.33
B85646,"North East and Yorkshire",6309,8.49
B85650,"North East and Yorkshire",5008,1.47
B85652,"North East and Yorkshire",7693,2.75
B85655,"North East and Yorkshire",2725,0.32
B85659,"North East and Yorkshire",1828,1.23
B85660,"North East and Yorkshire",6649,4.72
B86002,"North East and Yorkshire",15287,6.93
B86003,"North East and Yorkshire",17135,11.16
B86004,"North East and Yorkshire",8417,5.37
B86005,"North East and Yorkshire",5656,2.13
B86006,"North East and Yorkshire",15224,9.25
B86007,"North East and Yorkshire",9066,9.81
B86008,"North East and Yorkshire",19262,14.74
B86009,"North East and Yorkshire",8191,4.78
B86010,"North East and Yorkshire",9958,4.19
B86011,"North East and Yorkshire",9873,6.69
B86012,"North East and Yorkshire",19503,14.06
B86013,"North East and Yorkshire",20669,9.23
B86014,"North East and Yorkshire",13467,6.16
B86015,"North East and Yorkshire",13999,9.87
B86016,"North East and Yorkshire",18370,17.94
B86017,"North East and Yorkshire",17018,11.05
B86018,"North East and Yorkshire",7640,6.61
B86019,"North East and Yorkshire",20123,10.06
B86020,"North East and Yorkshire",11178,5.87
B86022,"North East and Yorkshire",14219,6.99
B86024,"North East and Yorkshire",9375,9.72
B86025,"North East and Yorkshire",10547,5.74
B86028,"North East and Yorkshire",5172,3.05
B86029,"North East and Yorkshire",5723,6.01
B86030,"North East and Yorkshire",11233,7.47
B86032,"North East and Yorkshire",18860,13.95
B86033,"North East and Yorkshire",11855,14.42
B86034,"North East and Yorkshire",6816,5.91
B86035,"North East and Yorkshire",9426,3.71
B86036,"North East and Yorkshire",11120,9.07
B86038,"North East and Yorkshire",10959,4.82
B86039,"North East and Yorkshire",9578,4.72
B86041,"North East and Yorkshire",7949,5.51
B86042,"North East and Yorkshire",15769,6.86
B86043,"North East and Yorkshire",10251,1.64
B86044,"North East and Yorkshire",28433,24.27
B86048,"North East and Yorkshire",14534,11.36
B86049,"North East and Yorkshire",10338,7.70
B86050,"North East and Yorkshire",20446,13.08
B86051,"North East and Yorkshire",14947,17.40
B86052,"North East and Yorkshire",11797,7.18
B86054,"North East and Yorkshire",6356,4.73
B86055,"North East and Yorkshire",6397,6.00
B86057,"North East and Yorkshire",19666,16.08
B86059,"North East and Yorkshire",16216,14.75
B86060,"North East and Yorkshire",10939,6.68
B86061,"North East and Yorkshire",5315,1.55
B86062,"North East and Yorkshire",8290,6.08
B86064,"North East and Yorkshire",16849,8.60
B86066,"North East and Yorkshire",14374,9.75
B86067,"North East and Yorkshire",16958,12.53
B86068,"North East and Yorkshire",7803,8.66
B86069,"North East and Yorkshire",14166,5.08
B86070,"North East and Yorkshire",4575,2.19
B86071,"North East and Yorkshire",8529,3.20
B86075,"North East and Yorkshire",13224,11.89
B86081,"North East and Yorkshire",14937,8.23
B86086,"North East and Yorkshire",7399,7.73
B86089,"North East and Yorkshire",5991,2.36
B86092,"North East and Yorkshire",6819,3.10
B86093,"North East and Yorkshire",5796,6.93
B86094,"North East and Yorkshire",4942,2.05
B86096,"North East and Yorkshire",5664,2.06
B86100,"North East and Yorkshire",7766,7.91
B86101,"North East and Yorkshire",3492,1.00
B86103,"North East and Yorkshire",4652,1.56
B86104,"North East and Yorkshire",17038,5.50
B86106,"North East and Yorkshire",7606,7.39
B86108,"North East and Yorkshire",6521,4.37
B86109,"North East and Yorkshire",7864,8.12
B86110,"North East and Yorkshire",43798,15.79
B86623,"North East and Yorkshire",5361,1.64
B86642,"North East and Yorkshire",3071,1.22
B86643,"North East and Yorkshire",3765,2.23
B86648,"North East and Yorkshire",2408,1.33
B86655,"North East and Yorkshire",2092,0.99
B86658,"North East and Yorkshire",10907,6.07
B86666,"North East and Yorkshire",5583,1.96
B86667,"North East and Yorkshire",8113,4.07
B86669,"North East and Yorkshire",2837,6.14
B86672,"North East and Yorkshire",6830,6.27
B86673,"North East and Yorkshire",7321,3.60
B86675,"North East and Yorkshire",4752,1.83
B86678,"North East and Yorkshire",2894,1.60
B87001,"North East and Yorkshire",9694,14.64
B87002,"North East and Yorkshire",10725,14.07
B87003,"North East and Yorkshire",10894,9.51
B87004,"North East and Yorkshire",11593,6.21
B87005,"North East and Yorkshire",11594,7.66
B87006,"North East and Yorkshire",10837,3.90
B87007,"North East and Yorkshire",15543,22.78
B87008,"North East and Yorkshire",13524,13.76
B87009,"North East and Yorkshire",6283,5.77
B87011,"North East and Yorkshire",13229,11.73
B87012,"North East and Yorkshire",9681,10.19
B87013,"North East and Yorkshire",14382,9.23
B87015,"North East and Yorkshire",7622,3.32
B87016,"North East and Yorkshire",24545,9.24
B87017,"North East and Yorkshire",27732,23.41
B87018,"North East and Yorkshire",11578,13.18
B87019,"North East and Yorkshire",7300,2.00
B87020,"North East and Yorkshire",13728,10.26
B87021,"North East and Yorkshire",12854,3.33
B87022,"North East and Yorkshire",8942,4.18
B87025,"North East and Yorkshire",8386,3.06
B87026,"North East and Yorkshire",14585,7.19
B87027,"North East and Yorkshire",14001,9.12
B87028,"North East and Yorkshire",10991,12.21
B87030,"North East and Yorkshire",30464,17.61
B87031,"North East and Yorkshire",22043,15.61
B87032,"North East and Yorkshire",8075,6.89
B87033,"North East and Yorkshire",5465,2.00
B87036,"North East and Yorkshire",4111,1.00
B87039,"North East and Yorkshire",14967,13.02
B87042,"North East and Yorkshire",5632,0.65
B87044,"North East and Yorkshire",2453,1.00
B87602,"North East and Yorkshire",3485,0.96
B87604,"North East and Yorkshire",2788,0.89
C81001,Midlands,11473,10.78
C81002,Midlands,12361,17.99
C81003,Midlands,10035,7.31
C81004,Midlands,10341,6.32
C81005,Midlands,16928,13.89
C81006,Midlands,25941,9.22
C81007,Midlands,11816,8.93
C81008,Midlands,9768,2.93
C81009,Midlands,21436,10.12
C81010,Midlands,13688,17.36
C81012,Midlands,15922,12.21
C81013,Midlands,4664,2.93
C81014,Midlands,11811,7.24
C81015,Midlands,12171,10.04
C81016,Midlands,8687,8.02
C81017,Midlands,9034,7.02
C81018,Midlands,9013,6.85
C81020,Midlands,10978,9.76
C81021,Midlands,15036,6.88
C81022,Midlands,4066,1.87
C81023,Midlands,7982,4.27
C81025,Midlands,10345,10.00
C81026,Midlands,6500,2.20
C81027,Midlands,8139,8.74
C81028,Midlands,7333,10.63
C81029,Midlands,17302,11.73
C81030,Midlands,8969,12.26
C81031,Midlands,9443,8.50
C81032,Midlands,13853,7.52
C81033,Midlands,16172,12.80
C81034,Midlands,11227,10.05
C81035,Midlands,12176,6.83
C81036,Midlands,5111,3.30
C81037,Midlands,10506,9.07
C81038,Midlands,12486,8.91
C81039,Midlands,3617,2.44
C81040,Midlands,8204,3.79
C81041,Midlands,11884,10.63
C81042,Midlands,13115,5.27
C81044,Midlands,8539,10.85
C81045,Midlands,13147,7.31
C81046,Midlands,4698,1.33
C81047,Midlands,12055,16.31
C81048,Midlands,11071,6.59
C81049,Midlands,9716,9.08
C81050,Midlands,9549,6.00
C81051,Midlands,27372,15.53
C81052,Midlands,7193,1.73
C81053,Midlands,10828,13.87
C81054,Midlands,35187,24.50
C81055,Midlands,4775,4.33
C81056,Midlands,6619,1.51
C81057,Midlands,10503,4.85
C81058,Midlands,8827,9.57
C81059,Midlands,6165,7.31
C81060,Midlands,10850,4.27
C81061,Midlands,17951,10.51
C81062,Midlands,8975,6.88
C81063,Midlands,9627,8.19
C81064,Midlands,12690,8.95
C81065,Midlands,9052,4.73
C81066,Midlands,11989,5.93
C81067,Midlands,9734,7.20
C81068,Midlands,12376,7.97
C81069,Midlands,13547,12.50
C81070,Midlands,3898,2.35
C81071,Midlands,12806,6.10
C81072,Midlands,30333,13.34
C81073,Midlands,12709,10.32
C81074,Midlands,5612,0.51
C81075,Midlands,5209,0.60
C81080,Midlands,8154,3.48
C81081,Midlands,20315,11.88
C81082,Midlands,3397,1.72
C81083,Midlands,16761,13.31
C81084,Midlands,20567,10.72
C81086,Midlands,8139,6.43
C81089,Midlands,6142,1.55
C81091,Midlands,8478,2.27
C81092,Midlands,5681,6.85
C81094,Midlands,8087,7.75
C81095,Midlands,4932,2.25
C81096,Midlands,5700,2.21
C81097,Midlands,6107,3.28
C81099,Midlands,10737,7.11
C81101,Midlands,8328,5.91
C81106,Midlands,7239,5.33
C81108,Midlands,15470,6.00
C81110,Midlands,11986,5.32
C81113,Midlands,6502,4.47
C81114,Midlands,13531,12.99
C81115,Midlands,5064,1.84
C81118,Midlands,8426,3.28
C81604,Midlands,4647,2.92
C81611,Midlands,2485,0.16
C81615,Midlands,2301,2.63
C81616,Midlands,5351,1.83
C81634,Midlands,4645,3.65
C81638,Midlands,3918,4.71
C81640,Midlands,3751,1.12
C81647,Midlands,4174,2.02
C81649,Midlands,7873,6.37
C81652,Midlands,4967,1.52
C81653,Midlands,4537,1.36
C81655,Midlands,3704,1.79
C81658,Midlands,7697,6.67
C81662,Midlands,8468,4.29
C82001,Midlands,25371,15.09
C82002,Midlands,10956,9.27
C82003,Midlands,11590,9.15
C82005,Midlands,11085,11.12
C82007,Midlands,10608,11.68
C82008,Midlands,8530,2.24
C82009,Midlands,29224,12.15
C82010,Midlands,14991,11.67
C82011,Midlands,12555,11.09
C82012,Midlands,11862,10.80
C82013,Midlands,13254,12.07
C82014,Midlands,18089,17.23
C82016,Midlands,10960,5.26
C82017,Midlands,15753,9.73
C82018,Midlands,14053,5.56
C82019,Midlands,5944,1.52
C82020,Midlands,21021,5.46
C82021,Midlands,7649,2.13
C82022,Midlands,7313,6.37
C82024,Midlands,20275,13.41
C82025,Midlands,10802,9.07
C82026,Midlands,8307,6.27
C82027,Midlands,7568,3.17
C82028,Midlands,7254,3.76
C82030,Midlands,6921,5.64
C82031,Midlands,14874,11.52
C82032,Midlands,7449,3.52
C82033,Midlands,11680,7.90
C82034,Midlands,9858,4.95
C82035,Midlands,8028,8.85
C82037,Midlands,10479,6.63
C82038,Midlands,37006,20.30
C82039,Midlands,11045,8.92
C82040,Midlands,9158,8.47
C82041,Midlands,12938,7.97
C82042,Midlands,12715,11.17
C82043,Midlands,11165,9.12
C82044,Midlands,9458,4.47
C82045,Midlands,8133,3.12
C82046,Midlands,17383,10.29
C82047,Midlands,10692,3.68
C82048,Midlands,4917,8.99
C82050,Midlands,14058,4.42
C82051,Midlands,11937,4.93
C82052,Midlands,3749,2.21
C82053,Midlands,11050,5.64
C82054,Midlands,12184,7.07
C82055,Midlands,14467,9.27
C82056,Midlands,14034,15.92
C82059,Midlands,1890,0.73
C82060,Midlands,4208,1.92
C82061,Midlands,14999,13.13
C82062,Midlands,8975,4.27
C82063,Midlands,12519,11.16
C82064,Midlands,12347,11.16
C82066,Midlands,16979,16.85
C82067,Midlands,8875,7.96
C82068,Midlands,12401,10.44
C82070,Midlands,10648,10.05
C82071,Midlands,14089,12.69
C82072,Midlands,8489,3.57
C82073,Midlands,14734,6.29
C82075,Midlands,10871,8.35
C82076,Midlands,6945,5.01
C82077,Midlands,12881,2.96
C82078,Midlands,12112,13.87
C82079,Midlands,6958,4.08
C82080,Midlands,4763,2.45
C82082,Midlands,5512,1.56
C82084,Midlands,3651,1.08
C82086,Midlands,10614,7.57
C82088,Midlands,10358,6.60
C82091,Midlands,9679,1.96
C82092,Midlands,4696,1.00
C82093,Midlands,12580,6.70
C82094,Midlands,6871,2.88
C82095,Midlands,9061,4.71
C82096,Midlands,10097,8.92
C82097,Midlands,2738,0.91
C82098,Midlands,7298,5.63
C82099,Midlands,4623,1.81
C82100,Midlands,6063,7.79
C82102,Midlands,4957,2.77
C82107,Midlands,7931,2.64
C82109,Midlands,5118,4.65
C82111,Midlands,17342,3.23
C82112,Midlands,9612,1.47
C82114,Midlands,2503,2.84
C82116,Midlands,5089,1.89
C82119,Midlands,3284,1.73
C82120,Midlands,3827,1.49
C82121,Midlands,14865,11.03
C82124,Midlands,25162,14.14
C82600,Midlands,6243,0.99
C82610,Midlands,6610,4.40
C82611,Midlands,6838,3.40
C82614,Midlands,4598,0.85
C82620,Midlands,2355,1.40
C82624,Midlands,8498,3.09
C82627,Midlands,7818,5.89
C82628,Midlands,3540,0.75
C82631,Midlands,7168,4.25
C82634,Midlands,6083,3.99
C82639,Midlands,10627,3.24
C82642,Midlands,9854,3.73
C82643,Midlands,14218,7.80
C82644,Midlands,4988,2.67
C82649,Midlands,5653,1.25
C82650,Midlands,5336,2.53
C82651,Midlands,3814,2.05
C82653,Midlands,1935,0.65
C82656,Midlands,2912,1.76
C82659,Midlands,2977,4.53
C82660,Midlands,7137,1.07
C82662,Midlands,8509,3.39
C82667,Midlands,8078,2.74
C82669,Midlands,4113,1.68
C82671,Midlands,8051,2.11
C82676,Midlands,7222,2.24
C82680,Midlands,4952,0.64
C83001,Midlands,29138,11.76
C83002,Midlands,9137,3.86
